
INSERT INTO Role (Name, HourlyBonus) VALUES
('Chofer', 10.00),
('Cargador', 5.00),
('Auxiliar', 0.00);

INSERT INTO EmployeeType (Name) VALUES
('Interno'),
('Subcontratado');

INSERT INTO Employee (EmployeeCode, FullName, RoleID, EmployeeTypeID, Status)
VALUES
  ('EMP001', 'Agustin Cardoza', 1, 1, TRUE),
  ('EMP002', 'Grecia Esmeralda Mendez', 2, 1, TRUE),
  ('EMP003', 'Francisco Abraham Perez', 3, 2, TRUE),
  ('EMP004', 'Alfonso Zazueta', 1, 2, TRUE),
  ('EMP005', 'Cesar Agustin Cardoza', 2, 1, TRUE);

INSERT INTO Movement (EmployeeID, Date, HoursWorked, DeliveriesCount, CoveringRoleID) VALUES
-- Semana 1 (del 6 al 10 de octubre)
(1, '2025-10-06', 8.00, 14, NULL),
(2, '2025-10-06', 9.00, 18, NULL),
(3, '2025-10-06', 8.00, 20, 1),
(1, '2025-10-07', 8.00, 10, NULL),
(2, '2025-10-07', 7.00, 8, NULL),
(3, '2025-10-07', 8.00, 22, 2),
(1, '2025-10-08', 8.00, 11, NULL),
(2, '2025-10-08', 8.00, 13, NULL),
(3, '2025-10-08', 9.00, 19, 1),
(1, '2025-10-09', 8.00, 12, NULL),
(2, '2025-10-09', 8.00, 15, NULL),
(3, '2025-10-09', 8.00, 23, 2),
(1, '2025-10-10', 8.00, 9, NULL),
(2, '2025-10-10', 8.00, 17, NULL),
(3, '2025-10-10', 8.00, 18, 1),

-- Semana 2 (del 13 al 17 de octubre)
(1, '2025-10-13', 8.00, 16, NULL),
(2, '2025-10-13', 8.00, 20, NULL),
(3, '2025-10-13', 7.00, 19, 2),
(1, '2025-10-14', 8.00, 11, NULL),
(2, '2025-10-14', 8.00, 15, NULL),
(3, '2025-10-14', 8.00, 22, 1),
(1, '2025-10-15', 8.00, 12, NULL),
(2, '2025-10-15', 8.00, 18, NULL),
(3, '2025-10-15', 9.00, 20, 2),
(1, '2025-10-16', 8.00, 10, NULL),
(2, '2025-10-16', 8.00, 13, NULL),
(3, '2025-10-16', 8.00, 17, 1),
(1, '2025-10-17', 8.00, 14, NULL),
(2, '2025-10-17', 8.00, 19, NULL),
(3, '2025-10-17', 8.00, 21, 2),

-- Semana 3 (del 20 al 24 de octubre)
(1, '2025-10-20', 8.00, 11, NULL),
(2, '2025-10-20', 9.00, 15, NULL),
(3, '2025-10-20', 8.00, 22, 1),
(1, '2025-10-21', 8.00, 13, NULL),
(2, '2025-10-21', 8.00, 10, NULL),
(3, '2025-10-21', 8.00, 19, 2),
(1, '2025-10-22', 8.00, 12, NULL),
(2, '2025-10-22', 7.00, 9, NULL),
(3, '2025-10-22', 8.00, 18, 1),
(1, '2025-10-23', 8.00, 17, NULL),
(2, '2025-10-23', 8.00, 20, NULL),
(3, '2025-10-23', 8.00, 25, 2),
(1, '2025-10-24', 8.00, 15, NULL),
(2, '2025-10-24', 8.00, 14, NULL),
(3, '2025-10-24', 8.00, 21, 1),

-- Semana 4 (del 27 al 31 de octubre)
(1, '2025-10-27', 8.00, 10, NULL),
(2, '2025-10-27', 8.00, 13, NULL),
(3, '2025-10-27', 8.00, 19, 2),
(1, '2025-10-28', 8.00, 11, NULL),
(2, '2025-10-28', 8.00, 15, NULL),
(3, '2025-10-28', 9.00, 22, 1),
(1, '2025-10-29', 8.00, 16, NULL),
(2, '2025-10-29', 8.00, 17, NULL),
(3, '2025-10-29', 8.00, 18, 2),
(1, '2025-10-30', 8.00, 14, NULL),
(2, '2025-10-30', 8.00, 12, NULL),
(3, '2025-10-30', 8.00, 23, 1),
(1, '2025-10-31', 8.00, 10, NULL),
(2, '2025-10-31', 8.00, 19, NULL),
(3, '2025-10-31', 8.00, 25, 2);
